{"cameraMode":{"drawMode":0,"name":"Shaded","section":"Shading Mode"},"sceneLighting":true,"audioPlay":false,"sceneViewState":{"m_AlwaysRefresh":false,"showFog":true,"showSkybox":true,"showFlares":true,"showImageEffects":true,"showParticleSystems":true,"showVisualEffectGraphs":true,"m_FxEnabled":true},"in2DMode":false,"pivot":{"x":4.435147762298584,"y":8.070977210998536,"z":-5.736417293548584},"rotation":{"x":0.25309714674949648,"y":0.13099141418933869,"z":-0.034622810781002048,"w":0.957926869392395},"size":0.6077349781990051,"orthographic":false}